report_start,report_end,exchange,bps_bucket,obligation_usd,imc_liquidity_usd,market_liquidity_usd,kpi_ratio_imc_over_obligation,kpi_percent_of_obligation,kpi_outperform,capture_pct_imc_over_market,capture_percent,uptime_pct,avg_bid_ask_spread_usd,avg_bid_ask_spread_bps,market_share_pct,source_file
14/2/2025,14/3/2025,Binance,15,49400,46500,342000,0.941295547,94.12955466,FALSE,0.13596491228070176,13.596491228070176,86.99,0.001,3.3,6,Frijt Trading - NEAR Report 2025-02-14 - 2025-03-14.pdf
14/2/2025,14/3/2025,Binance,25,123600,119200,592700,0.964401294,96.44012945,FALSE,0.2011135481693943,20.111354816939432,86.99,0.001,3.3,6,Frijt Trading - NEAR Report 2025-02-14 - 2025-03-14.pdf
14/2/2025,14/3/2025,Binance,50,164800,160400,825600,0.973300971,97.33009709,FALSE,0.19428294573643412,19.428294573643413,86.99,0.001,3.3,6,Frijt Trading - NEAR Report 2025-02-14 - 2025-03-14.pdf
14/2/2025,14/3/2025,Binance,100,247200,242900,964600,0.982605178,98.2605178,FALSE,0.25181422351233673,25.181422351233675,86.99,0.001,3.3,6,Frijt Trading - NEAR Report 2025-02-14 - 2025-03-14.pdf
14/2/2025,14/3/2025,Binance,200,412000,404900,1126600,0.98276699,98.27669903,FALSE,0.35939996449494055,35.93999644949405,86.99,0.001,3.3,6,Frijt Trading - NEAR Report 2025-02-14 - 2025-03-14.pdf
14/2/2025,14/3/2025,Bybit,15,33000,27700,98100,0.839393939,83.93939394,FALSE,0.2823649337410805,28.23649337410805,76.72,0.001245,4.1,14.2,Frijt Trading - NEAR Report 2025-02-14 - 2025-03-14.pdf
14/2/2025,14/3/2025,Bybit,25,82400,69600,164800,0.844660194,84.46601942,FALSE,0.4223300970873786,42.23300970873786,76.72,0.001245,4.1,14.2,Frijt Trading - NEAR Report 2025-02-14 - 2025-03-14.pdf
14/2/2025,14/3/2025,Bybit,50,123600,105000,225400,0.849514563,84.95145631,FALSE,0.4658385093167702,46.58385093167702,76.72,0.001245,4.1,14.2,Frijt Trading - NEAR Report 2025-02-14 - 2025-03-14.pdf
14/2/2025,14/3/2025,Bybit,100,164800,140600,294200,0.85315534,85.31553398,FALSE,0.477906186,47.79061863,76.72,0.001245,4.1,14.2,Frijt Trading - NEAR Report 2025-02-14 - 2025-03-14.pdf
14/2/2025,14/3/2025,Bybit,200,329500,281300,460300,0.853717754,85.37177542,FALSE,0.611123181,61.11231805,76.72,0.001245,4.1,14.2,Frijt Trading - NEAR Report 2025-02-14 - 2025-03-14.pdf
14/2/2025,14/3/2025,OKX,15,33000,30400,124300,0.921212121,92.12121212,FALSE,0.24456958970233306,24.456958970233305,86.71,0.001392,4.6,3.5,Frijt Trading - NEAR Report 2025-02-14 - 2025-03-14.pdf
14/2/2025,14/3/2025,OKX,25,82400,78900,245800,0.957524272,95.75242718,FALSE,0.3209926769731489,32.09926769731489,86.71,0.001392,4.6,3.5,Frijt Trading - NEAR Report 2025-02-14 - 2025-03-14.pdf
14/2/2025,14/3/2025,OKX,50,123600,119200,434800,0.964401294,96.44012945,FALSE,0.27414903403863844,27.414903403863843,86.71,0.001392,4.6,3.5,Frijt Trading - NEAR Report 2025-02-14 - 2025-03-14.pdf
14/2/2025,14/3/2025,OKX,100,164800,160900,588600,0.976334951,97.63349515,FALSE,0.27336051647978254,27.336051647978255,86.71,0.001392,4.6,3.5,Frijt Trading - NEAR Report 2025-02-14 - 2025-03-14.pdf
14/2/2025,14/3/2025,OKX,200,329600,321800,802100,0.976334951,97.63349515,FALSE,0.4011968582471014,40.11968582471014,86.71,0.001392,4.6,3.5,Frijt Trading - NEAR Report 2025-02-14 - 2025-03-14.pdf
14/3/2025,14/4/2025,Binance,15,41300,44100,315000,1.06779661,106.779661,TRUE,0.14,14.000000000000002,96.76,0.001,4,4.1,Frijt Trading - NEAR Report 2025-03-14 - 2025-04-14.pdf
14/3/2025,14/4/2025,Binance,25,103200,112400,516600,1.089147287,108.9147287,TRUE,0.2175764614789005,21.75764614789005,96.76,0.001,4,4.1,Frijt Trading - NEAR Report 2025-03-14 - 2025-04-14.pdf
14/3/2025,14/4/2025,Binance,50,137600,151300,721300,1.099563953,109.9563953,TRUE,0.20976015527519756,20.976015527519756,96.76,0.001,4,4.1,Frijt Trading - NEAR Report 2025-03-14 - 2025-04-14.pdf
14/3/2025,14/4/2025,Binance,100,206400,229000,906000,1.109496124,110.9496124,TRUE,0.25275938189845476,25.275938189845476,96.76,0.001,4,4.1,Frijt Trading - NEAR Report 2025-03-14 - 2025-04-14.pdf
14/3/2025,14/4/2025,Binance,200,344000,381600,1058600,1.109302326,110.9302326,TRUE,0.3604761005101077,36.04761005101077,96.76,0.001,4,4.1,Frijt Trading - NEAR Report 2025-03-14 - 2025-04-14.pdf
14/3/2025,14/4/2025,Bybit,15,27500,30400,103500,1.105454545,110.5454545,TRUE,0.293719807,29.37198068,99.82,0.001042,4.2,7.8,Frijt Trading - NEAR Report 2025-03-14 - 2025-04-14.pdf
14/3/2025,14/4/2025,Bybit,25,68800,76600,193700,1.113372093,111.3372093,TRUE,0.3954568921011874,39.54568921011874,99.82,0.001042,4.2,7.8,Frijt Trading - NEAR Report 2025-03-14 - 2025-04-14.pdf
14/3/2025,14/4/2025,Bybit,50,103200,115800,282500,1.122093023,112.2093023,TRUE,0.40991150442477875,40.991150442477874,99.82,0.001042,4.2,7.8,Frijt Trading - NEAR Report 2025-03-14 - 2025-04-14.pdf
14/3/2025,14/4/2025,Bybit,100,137600,155500,412000,1.130087209,113.0087209,TRUE,0.3774271844660194,37.74271844660194,99.82,0.001042,4.2,7.8,Frijt Trading - NEAR Report 2025-03-14 - 2025-04-14.pdf
14/3/2025,14/4/2025,Bybit,200,275200,311100,635600,1.130450581,113.0450581,TRUE,0.4894587791063562,48.94587791063562,99.82,0.001042,4.2,7.8,Frijt Trading - NEAR Report 2025-03-14 - 2025-04-14.pdf
14/3/2025,14/4/2025,OKX,15,27500,29100,150800,1.058181818,105.8181818,TRUE,0.1929708222811671,19.29708222811671,96.63,0.00116,4.6,2.5,Frijt Trading - NEAR Report 2025-03-14 - 2025-04-14.pdf
14/3/2025,14/4/2025,OKX,25,68800,74400,264200,1.081395349,108.1395349,TRUE,0.28160484481453446,28.160484481453445,96.63,0.00116,4.6,2.5,Frijt Trading - NEAR Report 2025-03-14 - 2025-04-14.pdf
14/3/2025,14/4/2025,OKX,50,103200,112400,431300,1.089147287,108.9147287,TRUE,0.26060746580106653,26.060746580106652,96.63,0.00116,4.6,2.5,Frijt Trading - NEAR Report 2025-03-14 - 2025-04-14.pdf
14/3/2025,14/4/2025,OKX,100,137600,151600,611500,1.101744186,110.1744186,TRUE,0.24791496320523304,24.791496320523304,96.63,0.00116,4.6,2.5,Frijt Trading - NEAR Report 2025-03-14 - 2025-04-14.pdf
14/3/2025,14/4/2025,OKX,200,275200,303300,885500,1.102107558,110.2107558,TRUE,0.34251835121400337,34.25183512140034,96.63,0.00116,4.6,2.5,Frijt Trading - NEAR Report 2025-03-14 - 2025-04-14.pdf
14/4/2025,14/5/2025,Binance,15,40800,44700,309200,1.095588235,109.5588235,TRUE,0.14456662354463132,14.456662354463132,99.79,0.001,4.1,4.4,Frijt Trading - NEAR Report 2025-04-14 - 2025-05-14.pdf
14/4/2025,14/5/2025,Binance,25,102000,114300,509500,1.120588235,112.0588235,TRUE,0.22433758586849853,22.43375858684985,99.79,0.001,4.1,4.4,Frijt Trading - NEAR Report 2025-04-14 - 2025-05-14.pdf
14/4/2025,14/5/2025,Binance,50,136000,153900,708900,1.131617647,113.1617647,TRUE,0.21709691070672874,21.709691070672875,99.79,0.001,4.1,4.4,Frijt Trading - NEAR Report 2025-04-14 - 2025-05-14.pdf
14/4/2025,14/5/2025,Binance,100,204100,232800,906700,1.140617344,114.0617344,TRUE,0.25675526635050183,25.675526635050183,99.79,0.001,4.1,4.4,Frijt Trading - NEAR Report 2025-04-14 - 2025-05-14.pdf
14/4/2025,14/5/2025,Binance,200,340100,388000,1061900,1.140840929,114.0840929,TRUE,0.3653828044071947,36.53828044071947,99.79,0.001,4.1,4.4,Frijt Trading - NEAR Report 2025-04-14 - 2025-05-14.pdf
14/4/2025,14/5/2025,Bybit,15,27200,32800,97000,1.205882353,120.5882353,TRUE,0.33814432989690724,33.81443298969072,99.88,0.001037,4.2,5.6,Frijt Trading - NEAR Report 2025-04-14 - 2025-05-14.pdf
14/4/2025,14/5/2025,Bybit,25,68000,78900,180000,1.160294118,116.0294118,TRUE,0.43833333333333335,43.833333333333336,99.88,0.001037,4.2,5.6,Frijt Trading - NEAR Report 2025-04-14 - 2025-05-14.pdf
14/4/2025,14/5/2025,Bybit,50,102100,118400,272100,1.159647405,115.9647405,TRUE,0.4351341418596104,43.51341418596104,99.88,0.001037,4.2,5.6,Frijt Trading - NEAR Report 2025-04-14 - 2025-05-14.pdf
14/4/2025,14/5/2025,Bybit,100,136100,158300,394800,1.163115356,116.3115356,TRUE,0.40096251266464034,40.09625126646404,99.88,0.001037,4.2,5.6,Frijt Trading - NEAR Report 2025-04-14 - 2025-05-14.pdf
14/4/2025,14/5/2025,Bybit,200,272100,314500,611800,1.155825064,115.5825064,TRUE,0.5140568813337693,51.40568813337693,99.88,0.001037,4.2,5.6,Frijt Trading - NEAR Report 2025-04-14 - 2025-05-14.pdf
14/4/2025,14/5/2025,OKX,15,27200,29600,147000,1.088235294,108.8235294,TRUE,0.20136054421768707,20.136054421768705,98.94,0.001219,4.9,5.6,Frijt Trading - NEAR Report 2025-04-14 - 2025-05-14.pdf
14/4/2025,14/5/2025,OKX,25,68000,75200,251300,1.105882353,110.5882353,TRUE,0.2992439315559093,29.924393155590927,98.94,0.001219,4.9,5.6,Frijt Trading - NEAR Report 2025-04-14 - 2025-05-14.pdf
14/4/2025,14/5/2025,OKX,50,102000,113600,418000,1.11372549,111.372549,TRUE,0.27177033492822966,27.177033492822964,98.94,0.001219,4.9,5.6,Frijt Trading - NEAR Report 2025-04-14 - 2025-05-14.pdf
14/4/2025,14/5/2025,OKX,100,136100,153200,574400,1.12564291,112.564291,TRUE,0.2667130919220056,26.67130919220056,98.94,0.001219,4.9,5.6,Frijt Trading - NEAR Report 2025-04-14 - 2025-05-14.pdf
14/4/2025,14/5/2025,OKX,200,272100,306400,812000,1.126056597,112.6056597,TRUE,0.37733990147783253,37.73399014778325,98.94,0.001219,4.9,5.6,Frijt Trading - NEAR Report 2025-04-14 - 2025-05-14.pdf
14/5/2025,1/6/2025,Binance,15,45600,49600,309600,1.087719298,108.7719298,TRUE,0.16020671834625322,16.020671834625322,99.87,0.001,3.6,3.6,Frijt Trading - NEAR Report 2025-05-14 - 2025-06-01.pdf
14/5/2025,1/6/2025,Binance,25,114100,127600,535100,1.118317266,111.8317266,TRUE,0.23846010091571668,23.846010091571667,99.87,0.001,3.6,3.6,Frijt Trading - NEAR Report 2025-05-14 - 2025-06-01.pdf
14/5/2025,1/6/2025,Binance,50,152100,171500,753100,1.127547666,112.7547666,TRUE,0.22772540167308458,22.77254016730846,99.87,0.001,3.6,3.6,Frijt Trading - NEAR Report 2025-05-14 - 2025-06-01.pdf
14/5/2025,1/6/2025,Binance,100,228200,260200,943000,1.14022787,114.022787,TRUE,0.27592788971367976,27.592788971367977,99.87,0.001,3.6,3.6,Frijt Trading - NEAR Report 2025-05-14 - 2025-06-01.pdf
14/5/2025,1/6/2025,Binance,200,380400,433600,1116400,1.139852787,113.9852787,TRUE,0.38839125761375853,38.839125761375854,99.87,0.001,3.6,3.6,Frijt Trading - NEAR Report 2025-05-14 - 2025-06-01.pdf
14/5/2025,1/6/2025,Bybit,15,30400,33100,95800,1.088815789,108.8815789,TRUE,0.3455114822546973,34.55114822546973,99.72,0.001026,3.7,4.9,Frijt Trading - NEAR Report 2025-05-14 - 2025-06-01.pdf
14/5/2025,1/6/2025,Bybit,25,76100,85000,198800,1.11695138,111.695138,TRUE,0.4275653923541248,42.756539235412475,99.72,0.001026,3.7,4.9,Frijt Trading - NEAR Report 2025-05-14 - 2025-06-01.pdf
14/5/2025,1/6/2025,Bybit,50,114100,128600,322300,1.127081507,112.7081507,TRUE,0.3990071362085014,39.90071362085014,99.72,0.001026,3.7,4.9,Frijt Trading - NEAR Report 2025-05-14 - 2025-06-01.pdf
14/5/2025,1/6/2025,Bybit,100,152200,172700,461500,1.134691196,113.4691196,TRUE,0.3742145178764897,37.42145178764897,99.72,0.001026,3.7,4.9,Frijt Trading - NEAR Report 2025-05-14 - 2025-06-01.pdf
14/5/2025,1/6/2025,Bybit,200,304400,345900,690100,1.136333771,113.6333771,TRUE,0.5012317055499202,50.12317055499202,99.72,0.001026,3.7,4.9,Frijt Trading - NEAR Report 2025-05-14 - 2025-06-01.pdf
14/5/2025,1/6/2025,OKX,15,30400,33200,156300,1.092105263,109.2105263,TRUE,0.2124120281509917,21.241202815099168,100,0.001271,4.6,5.2,Frijt Trading - NEAR Report 2025-05-14 - 2025-06-01.pdf
14/5/2025,1/6/2025,OKX,25,76100,85100,293200,1.11826544,111.826544,TRUE,0.2902455661664393,29.02455661664393,100,0.001271,4.6,5.2,Frijt Trading - NEAR Report 2025-05-14 - 2025-06-01.pdf
14/5/2025,1/6/2025,OKX,50,114100,128500,508100,1.126205083,112.6205083,TRUE,0.25290297185593386,25.290297185593385,100,0.001271,4.6,5.2,Frijt Trading - NEAR Report 2025-05-14 - 2025-06-01.pdf
14/5/2025,1/6/2025,OKX,100,152200,173700,683200,1.141261498,114.1261498,TRUE,0.2542447306791569,25.42447306791569,100,0.001271,4.6,5.2,Frijt Trading - NEAR Report 2025-05-14 - 2025-06-01.pdf
14/5/2025,1/6/2025,OKX,200,304400,347400,897800,1.141261498,114.1261498,TRUE,0.38694586767654265,38.694586767654265,100,0.001271,4.6,5.2,Frijt Trading - NEAR Report 2025-05-14 - 2025-06-01.pdf
1/7/2025,1/8/2025,Binance,15,42100,45900,306000,1.090261283,109.0261283,TRUE,0.15,15,99.89,0.001,3.9,,Frijt Trading - NEAR Report 2025-07-01 - 2025-08-01.pdf
1/7/2025,1/8/2025,Binance,25,105300,118000,496600,1.120607787,112.0607787,TRUE,0.23761578735400726,23.761578735400725,99.89,0.001,3.9,,Frijt Trading - NEAR Report 2025-07-01 - 2025-08-01.pdf
1/7/2025,1/8/2025,Binance,50,140400,158900,708800,1.131766382,113.1766382,TRUE,0.22418171557562078,22.41817155756208,99.89,0.001,3.9,,Frijt Trading - NEAR Report 2025-07-01 - 2025-08-01.pdf
1/7/2025,1/8/2025,Binance,100,210700,240400,891700,1.140958709,114.0958709,TRUE,0.26959739822810364,26.959739822810363,99.89,0.001,3.9,,Frijt Trading - NEAR Report 2025-07-01 - 2025-08-01.pdf
1/7/2025,1/8/2025,Binance,200,351100,400700,1052000,1.141270293,114.1270293,TRUE,0.380893536,38.08935361,99.89,0.001,3.9,,Frijt Trading - NEAR Report 2025-07-01 - 2025-08-01.pdf
1/7/2025,1/8/2025,Bybit,15,28100,30700,89900,1.09252669,109.252669,TRUE,0.3414905450500556,34.14905450500556,99.84,0.001032,4.1,,Frijt Trading - NEAR Report 2025-07-01 - 2025-08-01.pdf
1/7/2025,1/8/2025,Bybit,25,70300,78600,189200,1.118065434,111.8065434,TRUE,0.4154334038054968,41.54334038054968,99.84,0.001032,4.1,,Frijt Trading - NEAR Report 2025-07-01 - 2025-08-01.pdf
1/7/2025,1/8/2025,Bybit,50,105400,119200,312600,1.130929791,113.0929791,TRUE,0.38131797824696095,38.13179782469609,99.84,0.001032,4.1,,Frijt Trading - NEAR Report 2025-07-01 - 2025-08-01.pdf
1/7/2025,1/8/2025,Bybit,100,140500,159800,440500,1.137366548,113.7366548,TRUE,0.3627695800227015,36.27695800227015,99.84,0.001032,4.1,,Frijt Trading - NEAR Report 2025-07-01 - 2025-08-01.pdf
1/7/2025,1/8/2025,Bybit,200,281000,319800,650400,1.138078292,113.8078292,TRUE,0.49169741697416974,49.169741697416974,99.84,0.001032,4.1,,Frijt Trading - NEAR Report 2025-07-01 - 2025-08-01.pdf
1/7/2025,1/8/2025,Coinbase,15,7000,7800,115700,1.114285714,111.4285714,TRUE,0.06741573,6.741573033707865,99.76,0.001081,4.2,,Frijt Trading - NEAR Report 2025-07-01 - 2025-08-01.pdf
1/7/2025,1/8/2025,Coinbase,25,21100,23600,146800,1.118483412,111.8483412,TRUE,0.16076294277929154,16.076294277929154,99.76,0.001081,4.2,,Frijt Trading - NEAR Report 2025-07-01 - 2025-08-01.pdf
1/7/2025,1/8/2025,Coinbase,50,31600,36000,172400,1.139240506,113.9240506,TRUE,0.2088167053364269,20.88167053364269,99.76,0.001081,4.2,,Frijt Trading - NEAR Report 2025-07-01 - 2025-08-01.pdf
1/7/2025,1/8/2025,Coinbase,100,42200,48700,194600,1.154028436,115.4028436,TRUE,0.25025693730729703,25.025693730729703,99.76,0.001081,4.2,,Frijt Trading - NEAR Report 2025-07-01 - 2025-08-01.pdf
1/7/2025,1/8/2025,Coinbase,200,105400,120600,266400,1.144212524,114.4212524,TRUE,0.4527027027027027,45.27027027027027,99.76,0.001081,4.2,,Frijt Trading - NEAR Report 2025-07-01 - 2025-08-01.pdf
1/7/2025,1/8/2025,OKX,15,28100,30800,150000,1.096085409,109.6085409,TRUE,0.20533333333333334,20.533333333333335,99.87,0.001228,4.8,,Frijt Trading - NEAR Report 2025-07-01 - 2025-08-01.pdf
1/7/2025,1/8/2025,OKX,25,70300,78800,282100,1.120910384,112.0910384,TRUE,0.2793335696561503,27.93335696561503,99.87,0.001228,4.8,,Frijt Trading - NEAR Report 2025-07-01 - 2025-08-01.pdf
1/7/2025,1/8/2025,OKX,50,105400,119000,464600,1.129032258,112.9032258,TRUE,0.2561343090830822,25.61343090830822,99.87,0.001228,4.8,,Frijt Trading - NEAR Report 2025-07-01 - 2025-08-01.pdf
1/7/2025,1/8/2025,OKX,100,140500,160500,616100,1.142348754,114.2348754,TRUE,0.2605096575231294,26.050965752312937,99.87,0.001228,4.8,,Frijt Trading - NEAR Report 2025-07-01 - 2025-08-01.pdf
1/7/2025,1/8/2025,OKX,200,281000,320900,819500,1.141992883,114.1992883,TRUE,0.39158023184868823,39.158023184868824,99.87,0.001228,4.8,,Frijt Trading - NEAR Report 2025-07-01 - 2025-08-01.pdf
1/8/2025,1/9/2025,Binance,15,42400,50300,344500,1.186320755,118.6320755,TRUE,0.14600870827285922,14.600870827285922,99.95,0.001,3.9,,Frijt Trading - NEAR Report 2025-08-01 - 2025-09-01.pdf
1/8/2025,1/9/2025,Binance,25,105900,121400,531800,1.146364495,114.6364495,TRUE,0.22828130876269273,22.828130876269274,99.95,0.001,3.9,,Frijt Trading - NEAR Report 2025-08-01 - 2025-09-01.pdf
1/8/2025,1/9/2025,Binance,50,141200,162300,818000,1.149433428,114.9433428,TRUE,0.19841075794621027,19.841075794621027,99.95,0.001,3.9,,Frijt Trading - NEAR Report 2025-08-01 - 2025-09-01.pdf
1/8/2025,1/9/2025,Binance,100,211800,243500,1010400,1.1496695,114.96695,TRUE,0.24099366587490104,24.099366587490103,99.95,0.001,3.9,,Frijt Trading - NEAR Report 2025-08-01 - 2025-09-01.pdf
1/8/2025,1/9/2025,Binance,200,352900,403100,1170000,1.142249929,114.2249929,TRUE,0.34452991452991455,34.452991452991455,99.95,0.001,3.9,,Frijt Trading - NEAR Report 2025-08-01 - 2025-09-01.pdf
1/8/2025,1/9/2025,Bybit,15,28200,31400,120100,1.113475177,111.3475177,TRUE,0.2614487926727727,26.144879267277272,99.89,0.001027,4,,Frijt Trading - NEAR Report 2025-08-01 - 2025-09-01.pdf
1/8/2025,1/9/2025,Bybit,25,70500,78700,218000,1.116312057,111.6312057,TRUE,0.3610091743119266,36.100917431192656,99.89,0.001027,4,,Frijt Trading - NEAR Report 2025-08-01 - 2025-09-01.pdf
1/8/2025,1/9/2025,Bybit,50,105800,119000,343800,1.124763705,112.4763705,TRUE,0.3461314717859221,34.61314717859221,99.89,0.001027,4,,Frijt Trading - NEAR Report 2025-08-01 - 2025-09-01.pdf
1/8/2025,1/9/2025,Bybit,100,141000,159500,464900,1.131205674,113.1205674,TRUE,0.3430845343084534,34.30845343084534,99.89,0.001027,4,,Frijt Trading - NEAR Report 2025-08-01 - 2025-09-01.pdf
1/8/2025,1/9/2025,Bybit,200,282000,319000,696000,1.131205674,113.1205674,TRUE,0.4583333333333333,45.83333333333333,99.89,0.001027,4,,Frijt Trading - NEAR Report 2025-08-01 - 2025-09-01.pdf
1/8/2025,1/9/2025,Coinbase,15,7100,7800,150500,1.098591549,109.8591549,TRUE,0.051827242524916946,5.1827242524916945,99.17,0.001079,4.2,,Frijt Trading - NEAR Report 2025-08-01 - 2025-09-01.pdf
1/8/2025,1/9/2025,Coinbase,25,21200,23400,241700,1.103773585,110.3773585,TRUE,0.096814233,9.681423251965246,99.17,0.001079,4.2,,Frijt Trading - NEAR Report 2025-08-01 - 2025-09-01.pdf
1/8/2025,1/9/2025,Coinbase,50,31800,35600,354000,1.119496855,111.9496855,TRUE,0.10056497175141244,10.056497175141244,99.17,0.001079,4.2,,Frijt Trading - NEAR Report 2025-08-01 - 2025-09-01.pdf
1/8/2025,1/9/2025,Coinbase,100,42300,48300,404400,1.141843972,114.1843972,TRUE,0.11943620178041543,11.943620178041543,99.17,0.001079,4.2,,Frijt Trading - NEAR Report 2025-08-01 - 2025-09-01.pdf
1/8/2025,1/9/2025,Coinbase,200,105900,119500,475600,1.128423041,112.8423041,TRUE,0.2512615643397813,25.12615643397813,99.17,0.001079,4.2,,Frijt Trading - NEAR Report 2025-08-01 - 2025-09-01.pdf
1/8/2025,1/9/2025,OKX,15,28200,31500,189300,1.117021277,111.7021277,TRUE,0.1664025356576862,16.64025356576862,99.91,0.001139,4.4,,Frijt Trading - NEAR Report 2025-08-01 - 2025-09-01.pdf
1/8/2025,1/9/2025,OKX,25,70600,78900,327800,1.117563739,111.7563739,TRUE,0.24069554606467358,24.069554606467356,99.91,0.001139,4.4,,Frijt Trading - NEAR Report 2025-08-01 - 2025-09-01.pdf
1/8/2025,1/9/2025,OKX,50,105900,119000,517299.99999999994,1.123701605,112.3701605,TRUE,0.2300405953991881,23.00405953991881,99.91,0.001139,4.4,,Frijt Trading - NEAR Report 2025-08-01 - 2025-09-01.pdf
1/8/2025,1/9/2025,OKX,100,141200,160300,649200,1.135269122,113.5269122,TRUE,0.2469192852741836,24.691928527418362,99.91,0.001139,4.4,,Frijt Trading - NEAR Report 2025-08-01 - 2025-09-01.pdf
1/8/2025,1/9/2025,OKX,200,282300,320000,846400,1.133545873,113.3545873,TRUE,0.3780718336483932,37.80718336483932,99.91,0.001139,4.4,,Frijt Trading - NEAR Report 2025-08-01 - 2025-09-01.pdf
1/9/2025,1/10/2025,Binance,15,44800,50200,345900,1.120535714,112.0535714,TRUE,0.1451286498988147,14.512864989881468,99.91,0.001,3.7,,Frijt Trading - NEAR Report 2025-09-01 - 2025-10-01 (1).pdf
1/9/2025,1/10/2025,Binance,25,112100,126600,550800,1.129348796,112.9348796,TRUE,0.2298474945533769,22.984749455337692,99.91,0.001,3.7,,Frijt Trading - NEAR Report 2025-09-01 - 2025-10-01 (1).pdf
1/9/2025,1/10/2025,Binance,50,149500,169600,834200,1.134448161,113.4448161,TRUE,0.2033085590985375,20.330855909853753,99.91,0.001,3.7,,Frijt Trading - NEAR Report 2025-09-01 - 2025-10-01 (1).pdf
1/9/2025,1/10/2025,Binance,100,224200,256800,1042400.0000000001,1.145405888,114.5405888,TRUE,0.24635456638526473,24.635456638526474,99.91,0.001,3.7,,Frijt Trading - NEAR Report 2025-09-01 - 2025-10-01 (1).pdf
1/9/2025,1/10/2025,Binance,200,373600,428000,1213500,1.145610278,114.5610278,TRUE,0.3526988051091883,35.269880510918824,99.91,0.001,3.7,,Frijt Trading - NEAR Report 2025-09-01 - 2025-10-01 (1).pdf
1/9/2025,1/10/2025,Bybit,15,29900,33100,117800,1.107023411,110.7023411,TRUE,0.28098471986417656,28.098471986417657,99.91,0.001042,3.9,,Frijt Trading - NEAR Report 2025-09-01 - 2025-10-01 (1).pdf
1/9/2025,1/10/2025,Bybit,25,74700,83500,212300,1.117804552,111.7804552,TRUE,0.39331135186057464,39.331135186057466,99.91,0.001042,3.9,,Frijt Trading - NEAR Report 2025-09-01 - 2025-10-01 (1).pdf
1/9/2025,1/10/2025,Bybit,50,112100,125900,325900,1.123104371,112.3104371,TRUE,0.38631482,38.631482049708495,99.91,0.001042,3.9,,Frijt Trading - NEAR Report 2025-09-01 - 2025-10-01 (1).pdf
1/9/2025,1/10/2025,Bybit,100,149500,168900,439600,1.129765886,112.9765886,TRUE,0.38421292083712466,38.421292083712466,99.91,0.001042,3.9,,Frijt Trading - NEAR Report 2025-09-01 - 2025-10-01 (1).pdf
1/9/2025,1/10/2025,Bybit,200,298900,337800,655500,1.130143861,113.0143861,TRUE,0.5153318077803204,51.53318077803204,99.91,0.001042,3.9,,Frijt Trading - NEAR Report 2025-09-01 - 2025-10-01 (1).pdf
1/9/2025,1/10/2025,Coinbase,15,7500,8300,160900,1.106666667,110.6666667,TRUE,0.051584835,5.158483530142946,99.54,0.001068,4,,Frijt Trading - NEAR Report 2025-09-01 - 2025-10-01 (1).pdf
1/9/2025,1/10/2025,Coinbase,25,22400,25000,286500,1.116071429,111.6071429,TRUE,0.087260035,8.726003490401396,99.54,0.001068,4,,Frijt Trading - NEAR Report 2025-09-01 - 2025-10-01 (1).pdf
1/9/2025,1/10/2025,Coinbase,50,33700,37900,452300,1.12462908,112.462908,TRUE,0.083793942,8.379394207384479,99.54,0.001068,4,,Frijt Trading - NEAR Report 2025-09-01 - 2025-10-01 (1).pdf
1/9/2025,1/10/2025,Coinbase,100,44900,51300,532200,1.142538976,114.2538976,TRUE,0.096392334,9.639233371,99.54,0.001068,4,,Frijt Trading - NEAR Report 2025-09-01 - 2025-10-01 (1).pdf
1/9/2025,1/10/2025,Coinbase,200,112200,127100,607900,1.132798574,113.2798574,TRUE,0.20908044086198388,20.908044086198387,99.54,0.001068,4,,Frijt Trading - NEAR Report 2025-09-01 - 2025-10-01 (1).pdf
1/9/2025,1/10/2025,OKX,15,29900,33000,202100,1.10367893,110.367893,TRUE,0.16328550222662047,16.32855022266205,99.96,0.001106,4.1,,Frijt Trading - NEAR Report 2025-09-01 - 2025-10-01 (1).pdf
1/9/2025,1/10/2025,OKX,25,74700,83500,335300,1.117804552,111.7804552,TRUE,0.249030719,24.90307188,99.96,0.001106,4.1,,Frijt Trading - NEAR Report 2025-09-01 - 2025-10-01 (1).pdf
1/9/2025,1/10/2025,OKX,50,112100,125800,499800,1.12221231,112.221231,TRUE,0.25170068027210885,25.170068027210885,99.96,0.001106,4.1,,Frijt Trading - NEAR Report 2025-09-01 - 2025-10-01 (1).pdf
1/9/2025,1/10/2025,OKX,100,149500,169600,643100,1.134448161,113.4448161,TRUE,0.26372259368682943,26.372259368682943,99.96,0.001106,4.1,,Frijt Trading - NEAR Report 2025-09-01 - 2025-10-01 (1).pdf
1/9/2025,1/10/2025,OKX,200,299000,339200,851200,1.134448161,113.4448161,TRUE,0.39849624060150374,39.849624060150376,99.96,0.001106,4.1,,Frijt Trading - NEAR Report 2025-09-01 - 2025-10-01 (1).pdf
1/11/2025,30/11/2025,Binance,15,35500,33400,249400,0.94084507,94.08450704,FALSE,0.1339214113873296,13.39214113873296,95.34,0.001,4.6,,Frijt Trading - NEAR Report 2025-11-01 - 2025-11-30 (1).pdf
1/11/2025,30/11/2025,Binance,25,88700,87100,444300,0.981961669,98.19616685,FALSE,0.196038713,19.60387126,95.34,0.001,4.6,,Frijt Trading - NEAR Report 2025-11-01 - 2025-11-30 (1).pdf
1/11/2025,30/11/2025,Binance,50,118200,116900,772800,0.989001692,98.9001692,FALSE,0.151268116,15.126811594202898,95.34,0.001,4.6,,Frijt Trading - NEAR Report 2025-11-01 - 2025-11-30 (1).pdf
1/11/2025,30/11/2025,Binance,100,177300,177200,1140900,0.999435984,99.94359842,FALSE,0.1553159786133754,15.53159786133754,95.34,0.001,4.6,,Frijt Trading - NEAR Report 2025-11-01 - 2025-11-30 (1).pdf
1/11/2025,30/11/2025,Binance,200,295600,295000,1261400,0.99797023,99.797023,FALSE,0.2338671317583637,23.38671317583637,95.34,0.001,4.6,,Frijt Trading - NEAR Report 2025-11-01 - 2025-11-30 (1).pdf
1/11/2025,30/11/2025,Bybit,15,23700,20600,78900,0.869198312,86.91983122,FALSE,0.26108998732572875,26.108998732572875,99.91,0.001068,4.9,,Frijt Trading - NEAR Report 2025-11-01 - 2025-11-30 (1).pdf
1/11/2025,30/11/2025,Bybit,25,59100,53200,163600,0.900169205,90.01692047,FALSE,0.3251833740831296,32.51833740831296,99.91,0.001068,4.9,,Frijt Trading - NEAR Report 2025-11-01 - 2025-11-30 (1).pdf
1/11/2025,30/11/2025,Bybit,50,88700,80600,310700,0.908680947,90.8680947,FALSE,0.2594142259414226,25.94142259414226,99.91,0.001068,4.9,,Frijt Trading - NEAR Report 2025-11-01 - 2025-11-30 (1).pdf
1/11/2025,30/11/2025,Bybit,100,118300,107600,475300,0.909551986,90.95519865,FALSE,0.2263833368398906,22.63833368398906,99.91,0.001068,4.9,,Frijt Trading - NEAR Report 2025-11-01 - 2025-11-30 (1).pdf
1/11/2025,30/11/2025,Bybit,200,236500,215900,750100,0.912896406,91.28964059,FALSE,0.28782828956139184,28.782828956139184,99.91,0.001068,4.9,,Frijt Trading - NEAR Report 2025-11-01 - 2025-11-30 (1).pdf
1/11/2025,30/11/2025,Coinbase,15,5900,5000,112000,0.847457627,84.74576271,FALSE,0.044642857142857144,4.464285714285714,97.12,0.001188,5.5,,Frijt Trading - NEAR Report 2025-11-01 - 2025-11-30 (1).pdf
1/11/2025,30/11/2025,Coinbase,25,17700,15300,206600,0.86440678,86.44067797,FALSE,0.074056147,7.405614714424008,97.12,0.001188,5.5,,Frijt Trading - NEAR Report 2025-11-01 - 2025-11-30 (1).pdf
1/11/2025,30/11/2025,Coinbase,50,26600,23300,397200,0.87593985,87.59398496,FALSE,0.058660624,5.866062437059416,97.12,0.001188,5.5,,Frijt Trading - NEAR Report 2025-11-01 - 2025-11-30 (1).pdf
1/11/2025,30/11/2025,Coinbase,100,35400,31700,661300,0.895480226,89.5480226,FALSE,0.047935883865114166,4.793588386511416,97.12,0.001188,5.5,,Frijt Trading - NEAR Report 2025-11-01 - 2025-11-30 (1).pdf
1/11/2025,30/11/2025,Coinbase,200,88600,78500,710500,0.886004515,88.60045147,FALSE,0.11048557353976073,11.048557353976072,97.12,0.001188,5.5,,Frijt Trading - NEAR Report 2025-11-01 - 2025-11-30 (1).pdf
1/11/2025,30/11/2025,OKX,15,23600,24400,135600,1.033898305,103.3898305,TRUE,0.17994100294985252,17.99410029498525,99.97,0.001143,5.3,,Frijt Trading - NEAR Report 2025-11-01 - 2025-11-30 (1).pdf
1/11/2025,30/11/2025,OKX,25,59100,63000,278300,1.065989848,106.5989848,TRUE,0.22637441609773626,22.637441609773624,99.97,0.001143,5.3,,Frijt Trading - NEAR Report 2025-11-01 - 2025-11-30 (1).pdf
1/11/2025,30/11/2025,OKX,50,88700,94900,523299.99999999994,1.069898534,106.9898534,TRUE,0.1813491305178674,18.134913051786743,99.97,0.001143,5.3,,Frijt Trading - NEAR Report 2025-11-01 - 2025-11-30 (1).pdf
1/11/2025,30/11/2025,OKX,100,118200,128300.00000000001,790600,1.085448393,108.5448393,TRUE,0.16228181128257022,16.22818112825702,99.97,0.001143,5.3,,Frijt Trading - NEAR Report 2025-11-01 - 2025-11-30 (1).pdf
1/11/2025,30/11/2025,OKX,200,236500,256399.99999999997,1119400,1.084143763,108.4143763,TRUE,0.22905127747007323,22.905127747007324,99.97,0.001143,5.3,,Frijt Trading - NEAR Report 2025-11-01 - 2025-11-30 (1).pdf
1/12/2025,31/12/2025,Binance,15,26500,28000,255900,1.056603774,105.6603774,TRUE,0.10941774130519734,10.941774130519734,99.64,0.001,6.2,,Frijt Trading - NEAR Report 2025-12-01 - 2025-12-31.pdf
1/12/2025,31/12/2025,Binance,25,66200,72200,487100,1.090634441,109.0634441,TRUE,0.1482241839458017,14.82241839458017,99.64,0.001,6.2,,Frijt Trading - NEAR Report 2025-12-01 - 2025-12-31.pdf
1/12/2025,31/12/2025,Binance,50,88200,98800,981000,1.120181406,112.0181406,TRUE,0.10071355759429154,10.071355759429155,99.64,0.001,6.2,,Frijt Trading - NEAR Report 2025-12-01 - 2025-12-31.pdf
1/12/2025,31/12/2025,Binance,100,132300,150000,1617000,1.133786848,113.3786848,TRUE,0.092764378,9.276437847866418,99.64,0.001,6.2,,Frijt Trading - NEAR Report 2025-12-01 - 2025-12-31.pdf
1/12/2025,31/12/2025,Binance,200,220500,250000,1815200,1.133786848,113.3786848,TRUE,0.1377258704275011,13.772587042750109,99.64,0.001,6.2,,Frijt Trading - NEAR Report 2025-12-01 - 2025-12-31.pdf
1/12/2025,31/12/2025,Bybit,15,17600,18500,76500,1.051136364,105.1136364,TRUE,0.24183006535947713,24.18300653594771,99.86,0.001013,6.3,,Frijt Trading - NEAR Report 2025-12-01 - 2025-12-31.pdf
1/12/2025,31/12/2025,Bybit,25,44100,47800,183900,1.083900227,108.3900227,TRUE,0.2599238716693855,25.992387166938553,99.86,0.001013,6.3,,Frijt Trading - NEAR Report 2025-12-01 - 2025-12-31.pdf
1/12/2025,31/12/2025,Bybit,50,66200,73700,357200,1.113293051,111.3293051,TRUE,0.20632698768197089,20.632698768197088,99.86,0.001013,6.3,,Frijt Trading - NEAR Report 2025-12-01 - 2025-12-31.pdf
1/12/2025,31/12/2025,Bybit,100,88200,98500,515900,1.116780045,111.6780045,TRUE,0.19092847451056405,19.092847451056404,99.86,0.001013,6.3,,Frijt Trading - NEAR Report 2025-12-01 - 2025-12-31.pdf
1/12/2025,31/12/2025,Bybit,200,176500,197600,897100,1.119546742,111.9546742,TRUE,0.22026529929773717,22.026529929773716,99.86,0.001013,6.3,,Frijt Trading - NEAR Report 2025-12-01 - 2025-12-31.pdf
1/12/2025,31/12/2025,Coinbase,15,4400,4700,124700,1.068181818,106.8181818,TRUE,0.037690457,3.769045709703288,98.95,0.001068,6.7,,Frijt Trading - NEAR Report 2025-12-01 - 2025-12-31.pdf
1/12/2025,31/12/2025,Coinbase,25,13200,14100,256300,1.068181818,106.8181818,TRUE,0.055013656,5.501365587202497,98.95,0.001068,6.7,,Frijt Trading - NEAR Report 2025-12-01 - 2025-12-31.pdf
1/12/2025,31/12/2025,Coinbase,50,19800,21900,538500,1.106060606,110.6060606,TRUE,0.040668523676880224,4.066852367688022,98.95,0.001068,6.7,,Frijt Trading - NEAR Report 2025-12-01 - 2025-12-31.pdf
1/12/2025,31/12/2025,Coinbase,100,26500,30000,851900,1.132075472,113.2075472,TRUE,0.035215401,3.521540086864655,98.95,0.001068,6.7,,Frijt Trading - NEAR Report 2025-12-01 - 2025-12-31.pdf
1/12/2025,31/12/2025,Coinbase,200,66200,74200,944700,1.120845921,112.0845921,TRUE,0.078543453,7.854345294802583,98.95,0.001068,6.7,,Frijt Trading - NEAR Report 2025-12-01 - 2025-12-31.pdf
1/12/2025,31/12/2025,OKX,15,17600,19200,141100,1.090909091,109.0909091,TRUE,0.13607370659107015,13.607370659107016,99.92,0.001002,6.2,,Frijt Trading - NEAR Report 2025-12-01 - 2025-12-31.pdf
1/12/2025,31/12/2025,OKX,25,44100,48700,293100,1.10430839,110.430839,TRUE,0.16615489593995222,16.61548959399522,99.92,0.001002,6.2,,Frijt Trading - NEAR Report 2025-12-01 - 2025-12-31.pdf
1/12/2025,31/12/2025,OKX,50,66200,74300,518100,1.122356495,112.2356495,TRUE,0.14340860837676125,14.340860837676125,99.92,0.001002,6.2,,Frijt Trading - NEAR Report 2025-12-01 - 2025-12-31.pdf
1/12/2025,31/12/2025,OKX,100,88200,101000,731000,1.145124717,114.5124717,TRUE,0.1381668946648427,13.81668946648427,99.92,0.001002,6.2,,Frijt Trading - NEAR Report 2025-12-01 - 2025-12-31.pdf
1/12/2025,31/12/2025,OKX,200,176500,201400,1125000,1.141076487,114.1076487,TRUE,0.17902222222222222,17.90222222222222,99.92,0.001002,6.2,,Frijt Trading - NEAR Report 2025-12-01 - 2025-12-31.pdf